Firma|Vorname|Nachname|Geburtstag|Telefon|Strasse|PLZ|Ort|Mail
Velit Institute|Caryn|Tate|06-04-80|(0384) 49807278|7484 Vestibulum  Ave|118917|Herstal|Cras.dolor@suscipitnonummy.org
Mollis Dui In Institute|Reed|Snyder|11-11-77|(084) 88053195|795-5290 Erat  Ave|185817|Satriano di Lucania|vel.quam@enim.ca
Dolor Elit Industries|Karleigh|Cortez|01-28-64|(097) 18916386|Postfach 828, 7707 Ut  Ave|71875|Avellino|dignissim.Maecenas@erat.ca
Amet Ltd|Samantha|Small|09-22-54|(08184) 5248873|Postfach 464, 3508 Lorem  Rd.|23673|Georgia|Mauris@Duisvolutpatnunc.co.uk
Vitae Nibh LLC|Nero|Sherman|11-29-63|(085) 95273220|687-3115 Id,  Av.|327969|Cape Breton Island|nec.cursus@Nunc.com
Est Inc.|Brett|Coleman|02-08-65|(039570) 730109|Ap #193-1434 Augue  Straße|356267|Zutphen|condimentum.Donec.at@auguescelerisquemollis.com
Vestibulum Corp.|Colette|Ferguson|11-29-88|(029) 03933586|103-279 Libero.  Rd.|1360|Ipatinga|Suspendisse.non.leo@dui.com
Magna Associates|Tanisha|Schroeder|07-07-62|(0678) 23492857|788-810 Sit  St.|868782|Bogaarden|euismod.enim@eleifendnunc.edu
Dui Fusce Industries|Luke|Wood|03-31-83|(040) 17131331|692-5710 Pretium St.|68294|Alma|lorem.semper@cursusin.co.uk
Ipsum Sodales Purus LLC|Melvin|Henry|08-23-57|(0678) 81689684|8312 Et,  Avenue|23719|Villa Alegre|Proin.vel@enimEtiam.com
Auctor Incorporated|Sigourney|Malone|06-20-73|(029) 41899380|Postfach 621, 4581 Sapien,  Rd.|9143|Chetwynd|lectus@nonummyultriciesornare.co.uk
Elit Inc.|Holmes|Galloway|08-21-83|(085) 22757279|267-956 Sodales  Straße|51975|Thane|a.dui@rutrumurna.co.uk
Ac Mattis Incorporated|Amir|Bowers|01-10-68|(0591) 68510063|Ap #978-8134 Aliquet, St.|5541 LD|Los Sauces|et.malesuada.fames@auctorullamcorper.org
Ante Nunc Mauris Associates|Rhoda|Juarez|01-12-86|(099) 73040553|5126 Mauris  Straße|9745|Courbevoie|dictum.ultricies@adipiscing.edu
Mattis Ltd|Nayda|Porter|02-18-60|(0004) 19775166|3678 Sit  Rd.|P7E 2E1|Ottawa|magnis.dis.parturient@velturpis.com
Dictum Proin Ltd|Zena|Gillespie|04-11-83|(0378) 21140676|Ap #623-6318 Et  Ave|72574|Bois-de-Villers|Cum.sociis.natoque@Maurisut.net
Lacus Varius Et Consulting|Zena|Burton|02-18-82|(030409) 279656|Ap #252-9199 Massa  Ave|7344|Oswestry|Donec.vitae.erat@euismodenimEtiam.edu
Velit Eget Ltd|Salvador|Horne|01-07-82|(039034) 454375|Postfach 374, 4236 Ante,  Ave|3904|Weert|Nulla.eu.neque@velitegestaslacinia.co.uk
Eu Nibh Company|Cooper|George|03-12-82|(088) 35152013|Postfach 806, 9672 Congue  Rd.|9690|Sant'Ilario dello Ionio|euismod.est@SuspendisseduiFusce.ca
Congue Ltd|Addison|Dodson|11-15-78|(025) 21653888|Ap #229-154 Faucibus  St.|601166|Windermere|diam.Proin@Suspendissesagittis.com
Sagittis Incorporated|Abigail|Miles|05-21-65|(036444) 578242|Postfach 716, 6439 Aenean St.|70408|Mundare|Duis.volutpat.nunc@enimsit.com
Amet Faucibus Ut PC|Rylee|Valentine|04-28-96|(030138) 670074|Postfach 115, 4461 Tortor  Av.|96126|Ockelbo|ullamcorper.magna@mattisCras.edu
Auctor Mauris Foundation|Emma|Duke|12-01-77|(045) 74785727|Ap #228-7821 Semper  Straße|7575|Bolsward|Aenean.sed@convallisdolor.edu
Tristique Senectus Et Institute|Fritz|Morton|07-27-71|(06876) 0607380|Ap #716-5860 Sem.  Rd.|26-523|Isola di Capo Rizzuto|vitae@Curabiturconsequatlectus.edu
Est Consulting|Troy|Hull|09-17-98|(080) 44174679|Postfach 433, 934 Phasellus  Avenue|9451|Kelso|lectus@nasceturridiculus.net
A Odio Semper Inc.|Fay|Nguyen|12-27-90|(0244) 32703882|Postfach 900, 8052 Ac  Rd.|6802 HP|Molino dei Torti|odio@consectetuer.net
Consectetuer Rhoncus Limited|Samantha|Montoya|03-13-73|(00886) 4588053|589-7679 Curabitur  Avenue|45492|Booischot|tortor.nibh@rhoncusProin.net
Ligula LLC|Phelan|Hopper|08-16-56|(034202) 057904|168-6438 Vel  Straße|869314|Essex|mi@nonmagna.org
Sed Consulting|Ashton|Newton|11-13-71|(033156) 738492|Postfach 376, 5913 Euismod  Rd.|649990|Birmingham|justo.Praesent.luctus@nibhAliquam.ca
Rhoncus Id Institute|Boris|Landry|09-27-53|(098) 91008239|390-729 Metus.  St.|41503|Lambusart|ornare.elit.elit@non.ca
Penatibus Consulting|Cadman|Crawford|04-29-63|(072) 89723859|Postfach 462, 7620 In  Avenue|78027|Shipshaw|a.scelerisque@gravidaAliquamtincidunt.ca
Ante Iaculis Nec Foundation|Patience|Mooney|01-05-99|(01483) 3839525|421-9987 Sed  Rd.|74913|Colomiers|primis.in@Pellentesque.co.uk
Montes Inc.|Dustin|Whitley|03-09-52|(06185) 2038424|Ap #417-1099 In  Straße|33531-205|Rauco|faucibus.Morbi.vehicula@orci.org
Pellentesque Ut Institute|Xyla|Parrish|11-23-66|(06351) 7354784|662-5880 Ac,  Avenue|31422|Cimitile|Duis.ac.arcu@Nunc.org
Ipsum Phasellus Limited|Lillith|Mcpherson|10-18-63|(0446) 89774142|5743 Lobortis  St.|2665|Pickering|a.aliquet@dictumcursusNunc.com
Consectetuer PC|Rebecca|Acosta|09-04-58|(08751) 0595272|432-6154 Eu  Straße|LU0C 5YQ|Ancud|Sed.malesuada@Praesentluctus.co.uk
Nec Diam LLP|Keelie|Snow|03-02-58|(088) 60582883|2026 Adipiscing  Avenue|8735|San Damiano al Colle|aliquet@sedsapien.edu
Vulputate Risus A Corporation|Ulric|Andrews|05-15-83|(067) 25281314|6424 Semper  Straße|214551|Pironchamps|orci@etmagnisdis.edu
Sagittis Duis Gravida Limited|Halla|Gonzales|05-12-83|(04833) 5117388|Postfach 990, 5554 Consectetuer  Rd.|800048|Hassan|dolor.nonummy.ac@netus.edu
Mauris Ut Consulting|Buckminster|Brooks|09-30-59|(038) 48942716|5254 Id  Straße|916049|Wabamun|mauris@litora.com
In Cursus Et Associates|Alexander|Giles|08-14-75|(035454) 841381|Ap #754-1477 Gravida.  Straße|9973|Bad Vilbel|elementum@sedsapienNunc.net
Ornare Fusce Mollis Foundation|Inga|Navarro|10-19-87|(038753) 983491|Postfach 823, 7235 Non  Ave|90486|Bearberry|tortor@natoque.edu
In Inc.|Zenaida|Copeland|01-24-71|(035366) 600166|784-1831 Dui.  Straße|54-257|Swindon|tellus.justo@habitantmorbi.ca
Ligula Aliquam Erat Associates|Mariam|Harper|09-16-97|(0124) 12611234|Ap #594-4359 Dolor  Avenue|147814|Fort McPherson|hymenaeos.Mauris.ut@lorem.co.uk
Per Inceptos Corporation|Melodie|Diaz|07-07-67|(0772) 34906350|Postfach 240, 7580 Cras  Rd.|5672|Tintigny|elit.fermentum.risus@elitdictum.com
Laoreet Lectus Quis Institute|Ignacia|Conley|06-08-74|(06655) 3458827|Postfach 580, 9914 Tristique  Avenue|39476-521|Berlin|a.malesuada@mollis.ca
Ac Nulla In Corporation|Whilemina|Owens|06-24-99|(08184) 6869951|Postfach 330, 256 Bibendum  Rd.|902421|Glain|mi@sem.ca
Sed PC|Madeline|Day|06-21-72|(098) 80193317|Ap #956-1659 Tellus  Straße|T34 2EF|Treguaco|lacus@dolordapibus.com
Sagittis Duis Industries|Wendy|Adams|03-18-76|(06972) 6834801|Ap #801-9182 Aliquet St.|1909|Telfs|adipiscing.enim@semeget.com
Sed Sapien Associates|Eaton|Downs|01-14-65|(055) 63335157|642-3483 Tortor.  Ave|46-443|Geel|auctor.ullamcorper.nisl@sagittisNullamvitae.com
Nibh Donec Consulting|Camden|Webb|10-26-85|(068) 57302330|8946 Ut,  Rd.|91559|Chetwynd|nunc.In.at@NullafacilisiSed.co.uk
Donec Porttitor Company|Vielka|Lindsey|08-28-60|(036583) 125648|Postfach 133, 5952 Sed  Straße|4289 NJ|Edmundston|Donec.nibh@tellus.net
Cras Eget Nisi Inc.|Ursa|Fields|05-22-77|(067) 41648154|Postfach 671, 4004 Tempor  Rd.|2075 SO|Bay Roberts|Donec.nibh.enim@egestasurnajusto.ca
Netus Et LLP|Roth|Berg|10-19-98|(036550) 260341|Ap #122-6315 Risus  St.|64748|Maule|Phasellus.at.augue@nonnisi.ca
Vivamus Nisi PC|Brody|Benjamin|04-07-74|(03265) 3415399|6823 Fringilla  Rd.|79949|Fort Collins|eget@liberoDonecconsectetuer.org
Donec LLP|Dane|Hodges|02-15-69|(073) 25025308|7836 Erat.  Straße|I6 5AM|Bienne-lez-Happart|et.rutrum.eu@disparturient.org
Turpis Nulla Aliquet Foundation|Chelsea|Monroe|06-25-69|(09421) 1434778|9442 Arcu.  Avenue|4555|Guirsch|dui.nec@nec.co.uk
Lacus Inc.|Laith|Young|08-03-95|(035095) 920453|668 Ligula  Straße|0434 KG|Fosses-la-Ville|tincidunt.aliquam.arcu@Donecfeugiatmetus.com
Integer Tincidunt Aliquam Company|Salvador|Hayes|12-11-80|(033) 36369304|Postfach 903, 5206 Lorem  Av.|N7K 8N1|Athus|at@velnisl.net
Lectus Quis Massa Company|Kareem|Fox|08-11-63|(0862) 51317533|1743 Erat  Rd.|99910-857|Port Alice|Aliquam.adipiscing.lobortis@mattis.edu
In Faucibus Orci Industries|Amena|Buck|06-22-67|(037821) 810324|Postfach 845, 3100 Morbi St.|71362|Stonehaven|in.tempus.eu@incursuset.ca
Et Limited|Yoshio|Mejia|04-03-62|(058) 87993015|6800 Sed  Straße|D1 1ZY|Armadale|ut.mi.Duis@consectetuer.ca
Ac Incorporated|Hammett|Rios|07-16-51|(070) 33741374|Ap #196-7024 Ac  Rd.|01309-515|High Wycombe|leo.Cras@Duismi.net
Vel LLP|Aileen|Serrano|10-16-72|(016) 87578311|2247 Cum  St.|15326|Meux|mus.Proin.vel@magnaLoremipsum.net
Scelerisque Foundation|Faith|Riley|02-02-61|(059) 06861034|Ap #247-7802 Eleifend  Rd.|372382|Saint-Marcel|sapien@ornareIn.ca
Natoque Penatibus Corporation|Christen|Schneider|11-15-59|(09779) 4474113|Postfach 480, 3244 Urna  Avenue|90-934|Vorst|feugiat.Sed.nec@Donecporttitortellus.net
Donec Incorporated|Samantha|Wheeler|06-12-57|(035017) 140403|342-1485 Ornare  St.|36466|Côte Saint-Luc|eleifend@lorem.org
Pede Malesuada Corp.|Samantha|Hoffman|05-23-81|(068) 12320219|163-8130 Lectus St.|3992|Paço do Lumiar|vitae.sodales@ac.com
At Risus Nunc Ltd|Noelle|Coleman|07-27-92|(010) 42975048|Ap #383-1017 Ac  Rd.|32-302|Waiblingen|Duis.risus.odio@duiCras.edu
Lacinia Orci Limited|Elijah|Peck|03-19-64|(0708) 89442817|355-9504 Ut  Av.|KQ33 7UN|Baton Rouge|et.magna@laoreet.com
Cras PC|Lev|Rice|06-17-85|(036262) 440864|507-6087 Posuere St.|45262|Fort Worth|vitae.risus@PraesentluctusCurabitur.net
Mauris Quis Institute|Destiny|Carlson|01-22-65|(0397) 89364568|Postfach 282, 7640 Justo. St.|71955|Calais|Duis.ac.arcu@erosnec.com
Integer Urna Corporation|Tarik|Ramsey|04-29-61|(0114) 09155628|9413 Lacinia  Rd.|98-532|Castellafiume|Duis.at@Cumsociis.net
Dictum Eu Eleifend Associates|Alexis|Silva|10-25-86|(08708) 3445276|660-4874 Nec  Avenue|60124|Maasmechelen|aliquet.odio@nislsem.net
Ac Mattis Semper Associates|Vernon|Colon|11-17-79|(082) 46051226|Postfach 410, 6961 Ac  Av.|1731|Rosoux-Crenwick|mollis@mollis.org
Amet Diam PC|Acton|Lynn|05-26-51|(033809) 507291|374-7241 Aliquam  Straße|765638|Oteppe|feugiat.Sed.nec@velvenenatis.net
Sit Amet Associates|Lani|Paul|05-12-66|(01121) 8094092|973-2593 Fringilla  Av.|84-882|Solesino|at.augue@aliquet.co.uk
Dapibus Limited|Shea|Tyler|11-30-75|(01081) 1461788|620-4990 Suspendisse  Straße|10619|Raymond|lacinia.Sed.congue@natoquepenatibuset.com
Donec Fringilla Donec LLC|Macon|Moon|07-28-93|(041) 59519566|Ap #167-4787 Dui.  Avenue|04987|Los Muermos|nisl.Nulla@Quisqueporttitoreros.ca
Dui Fusce LLP|Patricia|Cunningham|09-02-56|(000) 50334227|Postfach 448, 6002 Vitae  Straße|46973|Moio Alcantara|Lorem@amifringilla.edu
Id Nunc Interdum Inc.|Nyssa|Cummings|05-27-79|(0606) 62486572|710-6850 Quis,  Av.|23559|San Antonio|lacus.Aliquam.rutrum@sitamet.net
Congue Turpis In Corporation|Kristen|Kirby|09-23-98|(0033) 40227479|Ap #882-2646 Lacus.  Rd.|J5E 5G2|Damme|In.faucibus.Morbi@pedenecante.ca
Lacus Ut Company|Harlan|Booth|07-12-82|(035169) 019497|Postfach 736, 986 Sed St.|96775|Goes|risus.quis.diam@mattisornarelectus.org
Vel Est Tempor Foundation|Carissa|Trevino|08-22-69|(02156) 1156473|426-9019 Nisi  Rd.|435869|La Granja|Proin@consequatnec.edu
Purus Maecenas Libero Incorporated|Colt|Short|01-28-61|(035258) 068855|275-6375 Aenean  Av.|52408|Hillsboro|porttitor@non.net
Arcu Sed LLC|Daria|Eaton|06-26-81|(048) 88892516|Postfach 318, 3597 Fames  Avenue|973593|Maullín|tellus@a.net
Ante Nunc Limited|Bell|Hodges|04-04-51|(0905) 14012298|Postfach 519, 6820 Faucibus  Avenue|020333|Leeuwarden|ornare.elit.elit@iaculisenimsit.com
Tellus Imperdiet Inc.|Nissim|Luna|04-21-97|(0950) 55342310|594 Dignissim. St.|354419|Capena|ornare.facilisis.eget@etnetus.co.uk
Pretium Et Corporation|Autumn|Waller|10-08-95|(08880) 5859279|Postfach 648, 139 Egestas  Ave|53612|Açailândia|eget.varius@elitEtiamlaoreet.co.uk
Lacus Vestibulum LLC|Raphael|Mays|11-23-54|(005) 33944575|333-7072 Eu, St.|81290|Te Awamutu|nulla.Donec@in.com
Et Magnis Dis Institute|Cole|Finley|01-21-73|(00367) 7063624|Ap #474-1878 Cursus  Avenue|R7M 2C3|Wabamun|sociosqu.ad@nec.net
Accumsan Corp.|Clementine|Mejia|11-22-90|(038246) 923893|Postfach 940, 7899 Arcu  Av.|85-738|Brechin|volutpat.ornare@hymenaeosMaurisut.net
Et Rutrum Company|Kieran|Pennington|04-23-95|(020) 41594754|1462 Nisi  Ave|08-581|Rivi�re-du-Loup|accumsan@fermentum.net
Blandit Enim Consequat Corp.|Stone|Kent|01-27-93|(011) 93096097|Ap #522-5561 Hendrerit  Straße|49-978|Birmingham|mattis@dapibusid.edu
Phasellus Elit Ltd|Bernard|Villarreal|08-02-69|(00173) 4918859|267-8654 Pede.  Rd.|74137|Bissegem|mauris.ut.mi@et.net
Diam Consulting|Brielle|Schroeder|10-17-52|(0596) 33372863|Ap #616-7106 Gravida  Rd.|98137|Peterhead|Curabitur@anteNunc.net
Et Ltd|Dorothy|Hall|04-21-72|(037553) 542669|Postfach 357, 1923 Donec  Straße|576992|Olathe|fringilla.euismod@Sedcongueelit.ca
At Institute|Janna|Frost|11-02-75|(086) 75111267|211-8320 Egestas  Rd.|02375|Crowsnest Pass|tincidunt.tempus.risus@aliquetPhasellusfermentum.edu
Augue Eu Tellus Company|Jerry|Hull|11-16-82|(07302) 6833982|Postfach 942, 625 Id,  Rd.|74204|Orbais|tortor.Nunc.commodo@hendreritconsectetuer.co.uk
Vel Convallis Industries|Merrill|Wells|01-08-80|(07812) 8496034|8693 Consequat  Straße|3987|Götzis|Sed@estarcu.org